"name","lev","p1","p2","p3","p4"
"Arts & Entertainment",1,"Arts & Entertainment","Arts & Entertainment","Arts & Entertainment","Arts & Entertainment"
"Amphitheater",2,"Arts & Entertainment","Amphitheater","Amphitheater","Amphitheater"
"Aquarium",2,"Arts & Entertainment","Aquarium","Aquarium","Aquarium"
"Arcade",2,"Arts & Entertainment","Arcade","Arcade","Arcade"
"Art Gallery",2,"Arts & Entertainment","Art Gallery","Art Gallery","Art Gallery"
"Bowling Alley",2,"Arts & Entertainment","Bowling Alley","Bowling Alley","Bowling Alley"
"Casino",2,"Arts & Entertainment","Casino","Casino","Casino"
"Circus",2,"Arts & Entertainment","Circus","Circus","Circus"
"Comedy Club",2,"Arts & Entertainment","Comedy Club","Comedy Club","Comedy Club"
"Concert Hall",2,"Arts & Entertainment","Concert Hall","Concert Hall","Concert Hall"
"Country Dance Club",2,"Arts & Entertainment","Country Dance Club","Country Dance Club","Country Dance Club"
"Disc Golf",2,"Arts & Entertainment","Disc Golf","Disc Golf","Disc Golf"
"Escape Room",2,"Arts & Entertainment","Escape Room","Escape Room","Escape Room"
"Exhibit",2,"Arts & Entertainment","Exhibit","Exhibit","Exhibit"
"General Entertainment",2,"Arts & Entertainment","General Entertainment","General Entertainment","General Entertainment"
"Go Kart Track",2,"Arts & Entertainment","Go Kart Track","Go Kart Track","Go Kart Track"
"Historic Site",2,"Arts & Entertainment","Historic Site","Historic Site","Historic Site"
"Karaoke Box",2,"Arts & Entertainment","Karaoke Box","Karaoke Box","Karaoke Box"
"Laser Tag",2,"Arts & Entertainment","Laser Tag","Laser Tag","Laser Tag"
"Memorial Site",2,"Arts & Entertainment","Memorial Site","Memorial Site","Memorial Site"
"Mini Golf",2,"Arts & Entertainment","Mini Golf","Mini Golf","Mini Golf"
"Movie Theater",2,"Arts & Entertainment","Movie Theater","Movie Theater","Movie Theater"
"Drive-in Theater",3,"Arts & Entertainment","Movie Theater","Drive-in Theater","Drive-in Theater"
"Indie Movie Theater",3,"Arts & Entertainment","Movie Theater","Indie Movie Theater","Indie Movie Theater"
"Multiplex",3,"Arts & Entertainment","Movie Theater","Multiplex","Multiplex"
"Museum",2,"Arts & Entertainment","Museum","Museum","Museum"
"Art Museum",3,"Arts & Entertainment","Museum","Art Museum","Art Museum"
"Erotic Museum",3,"Arts & Entertainment","Museum","Erotic Museum","Erotic Museum"
"History Museum",3,"Arts & Entertainment","Museum","History Museum","History Museum"
"Planetarium",3,"Arts & Entertainment","Museum","Planetarium","Planetarium"
"Science Museum",3,"Arts & Entertainment","Museum","Science Museum","Science Museum"
"Music Venue",2,"Arts & Entertainment","Music Venue","Music Venue","Music Venue"
"Jazz Club",3,"Arts & Entertainment","Music Venue","Jazz Club","Jazz Club"
"Piano Bar",3,"Arts & Entertainment","Music Venue","Piano Bar","Piano Bar"
"Rock Club",3,"Arts & Entertainment","Music Venue","Rock Club","Rock Club"
"Pachinko Parlor",2,"Arts & Entertainment","Pachinko Parlor","Pachinko Parlor","Pachinko Parlor"
"Performing Arts Venue",2,"Arts & Entertainment","Performing Arts Venue","Performing Arts Venue","Performing Arts Venue"
"Dance Studio",3,"Arts & Entertainment","Performing Arts Venue","Dance Studio","Dance Studio"
"Indie Theater",3,"Arts & Entertainment","Performing Arts Venue","Indie Theater","Indie Theater"
"Opera House",3,"Arts & Entertainment","Performing Arts Venue","Opera House","Opera House"
"Theater",3,"Arts & Entertainment","Performing Arts Venue","Theater","Theater"
"Pool Hall",2,"Arts & Entertainment","Pool Hall","Pool Hall","Pool Hall"
"Public Art",2,"Arts & Entertainment","Public Art","Public Art","Public Art"
"Outdoor Sculpture",3,"Arts & Entertainment","Public Art","Outdoor Sculpture","Outdoor Sculpture"
"Street Art",3,"Arts & Entertainment","Public Art","Street Art","Street Art"
"Racecourse",2,"Arts & Entertainment","Racecourse","Racecourse","Racecourse"
"Racetrack",2,"Arts & Entertainment","Racetrack","Racetrack","Racetrack"
"Roller Rink",2,"Arts & Entertainment","Roller Rink","Roller Rink","Roller Rink"
"Salsa Club",2,"Arts & Entertainment","Salsa Club","Salsa Club","Salsa Club"
"Samba School",2,"Arts & Entertainment","Samba School","Samba School","Samba School"
"Stadium",2,"Arts & Entertainment","Stadium","Stadium","Stadium"
"Baseball Stadium",3,"Arts & Entertainment","Stadium","Baseball Stadium","Baseball Stadium"
"Basketball Stadium",3,"Arts & Entertainment","Stadium","Basketball Stadium","Basketball Stadium"
"Cricket Ground",3,"Arts & Entertainment","Stadium","Cricket Ground","Cricket Ground"
"Football Stadium",3,"Arts & Entertainment","Stadium","Football Stadium","Football Stadium"
"Hockey Arena",3,"Arts & Entertainment","Stadium","Hockey Arena","Hockey Arena"
"Rugby Stadium",3,"Arts & Entertainment","Stadium","Rugby Stadium","Rugby Stadium"
"Soccer Stadium",3,"Arts & Entertainment","Stadium","Soccer Stadium","Soccer Stadium"
"Tennis Stadium",3,"Arts & Entertainment","Stadium","Tennis Stadium","Tennis Stadium"
"Track Stadium",3,"Arts & Entertainment","Stadium","Track Stadium","Track Stadium"
"Theme Park",2,"Arts & Entertainment","Theme Park","Theme Park","Theme Park"
"Theme Park Ride / Attraction",3,"Arts & Entertainment","Theme Park","Theme Park Ride / Attraction","Theme Park Ride / Attraction"
"Tour Provider",2,"Arts & Entertainment","Tour Provider","Tour Provider","Tour Provider"
"VR Cafe",2,"Arts & Entertainment","VR Cafe","VR Cafe","VR Cafe"
"Water Park",2,"Arts & Entertainment","Water Park","Water Park","Water Park"
"Zoo",2,"Arts & Entertainment","Zoo","Zoo","Zoo"
"Zoo Exhibit",3,"Arts & Entertainment","Zoo","Zoo Exhibit","Zoo Exhibit"
"College & University",1,"College & University","College & University","College & University","College & University"
"College Academic Building",2,"College & University","College Academic Building","College Academic Building","College Academic Building"
"College Arts Building",3,"College & University","College Academic Building","College Arts Building","College Arts Building"
"College Communications Building",3,"College & University","College Academic Building","College Communications Building","College Communications Building"
"College Engineering Building",3,"College & University","College Academic Building","College Engineering Building","College Engineering Building"
"College History Building",3,"College & University","College Academic Building","College History Building","College History Building"
"College Math Building",3,"College & University","College Academic Building","College Math Building","College Math Building"
"College Science Building",3,"College & University","College Academic Building","College Science Building","College Science Building"
"College Technology Building",3,"College & University","College Academic Building","College Technology Building","College Technology Building"
"College Administrative Building",2,"College & University","College Administrative Building","College Administrative Building","College Administrative Building"
"College Auditorium",2,"College & University","College Auditorium","College Auditorium","College Auditorium"
"College Bookstore",2,"College & University","College Bookstore","College Bookstore","College Bookstore"
"College Cafeteria",2,"College & University","College Cafeteria","College Cafeteria","College Cafeteria"
"College Classroom",2,"College & University","College Classroom","College Classroom","College Classroom"
"College Gym",2,"College & University","College Gym","College Gym","College Gym"
"College Lab",2,"College & University","College Lab","College Lab","College Lab"
"College Library",2,"College & University","College Library","College Library","College Library"
"College Quad",2,"College & University","College Quad","College Quad","College Quad"
"College Rec Center",2,"College & University","College Rec Center","College Rec Center","College Rec Center"
"College Residence Hall",2,"College & University","College Residence Hall","College Residence Hall","College Residence Hall"
"College Stadium",2,"College & University","College Stadium","College Stadium","College Stadium"
"College Baseball Diamond",3,"College & University","College Stadium","College Baseball Diamond","College Baseball Diamond"
"College Basketball Court",3,"College & University","College Stadium","College Basketball Court","College Basketball Court"
"College Cricket Pitch",3,"College & University","College Stadium","College Cricket Pitch","College Cricket Pitch"
"College Football Field",3,"College & University","College Stadium","College Football Field","College Football Field"
"College Hockey Rink",3,"College & University","College Stadium","College Hockey Rink","College Hockey Rink"
"College Soccer Field",3,"College & University","College Stadium","College Soccer Field","College Soccer Field"
"College Tennis Court",3,"College & University","College Stadium","College Tennis Court","College Tennis Court"
"College Track",3,"College & University","College Stadium","College Track","College Track"
"College Theater",2,"College & University","College Theater","College Theater","College Theater"
"Community College",2,"College & University","Community College","Community College","Community College"
"Fraternity House",2,"College & University","Fraternity House","Fraternity House","Fraternity House"
"General College & University",2,"College & University","General College & University","General College & University","General College & University"
"Law School",2,"College & University","Law School","Law School","Law School"
"Medical School",2,"College & University","Medical School","Medical School","Medical School"
"Sorority House",2,"College & University","Sorority House","Sorority House","Sorority House"
"Student Center",2,"College & University","Student Center","Student Center","Student Center"
"Trade School",2,"College & University","Trade School","Trade School","Trade School"
"University",2,"College & University","University","University","University"
"Event",1,"Event","Event","Event","Event"
"Christmas Market",2,"Event","Christmas Market","Christmas Market","Christmas Market"
"Conference",2,"Event","Conference","Conference","Conference"
"Convention",2,"Event","Convention","Convention","Convention"
"Festival",2,"Event","Festival","Festival","Festival"
"Beer Festival",3,"Event","Festival","Beer Festival","Beer Festival"
"Line / Queue",2,"Event","Line / Queue","Line / Queue","Line / Queue"
"Music Festival",2,"Event","Music Festival","Music Festival","Music Festival"
"Other Event",2,"Event","Other Event","Other Event","Other Event"
"Parade",2,"Event","Parade","Parade","Parade"
"Sporting Event",2,"Event","Sporting Event","Sporting Event","Sporting Event"
"Stoop Sale",2,"Event","Stoop Sale","Stoop Sale","Stoop Sale"
"Street Fair",2,"Event","Street Fair","Street Fair","Street Fair"
"Trade Fair",2,"Event","Trade Fair","Trade Fair","Trade Fair"
"Food",1,"Food","Food","Food","Food"
"Afghan Restaurant",2,"Food","Afghan Restaurant","Afghan Restaurant","Afghan Restaurant"
"African Restaurant",2,"Food","African Restaurant","African Restaurant","African Restaurant"
"Ethiopian Restaurant",3,"Food","African Restaurant","Ethiopian Restaurant","Ethiopian Restaurant"
"Mauritian Restaurant",3,"Food","African Restaurant","Mauritian Restaurant","Mauritian Restaurant"
"American Restaurant",2,"Food","American Restaurant","American Restaurant","American Restaurant"
"New American Restaurant",3,"Food","American Restaurant","New American Restaurant","New American Restaurant"
"Armenian Restaurant",2,"Food","Armenian Restaurant","Armenian Restaurant","Armenian Restaurant"
"Asian Restaurant",2,"Food","Asian Restaurant","Asian Restaurant","Asian Restaurant"
"Burmese Restaurant",3,"Food","Asian Restaurant","Burmese Restaurant","Burmese Restaurant"
"Cambodian Restaurant",3,"Food","Asian Restaurant","Cambodian Restaurant","Cambodian Restaurant"
"Chinese Restaurant",3,"Food","Asian Restaurant","Chinese Restaurant","Chinese Restaurant"
"Anhui Restaurant",4,"Food","Asian Restaurant","Chinese Restaurant","Anhui Restaurant"
"Beijing Restaurant",4,"Food","Asian Restaurant","Chinese Restaurant","Beijing Restaurant"
"Cantonese Restaurant",4,"Food","Asian Restaurant","Chinese Restaurant","Cantonese Restaurant"
"Cha Chaan Teng",4,"Food","Asian Restaurant","Chinese Restaurant","Cha Chaan Teng"
"Chinese Aristocrat Restaurant",4,"Food","Asian Restaurant","Chinese Restaurant","Chinese Aristocrat Restaurant"
"Chinese Breakfast Place",4,"Food","Asian Restaurant","Chinese Restaurant","Chinese Breakfast Place"
"Dim Sum Restaurant",4,"Food","Asian Restaurant","Chinese Restaurant","Dim Sum Restaurant"
"Dongbei Restaurant",4,"Food","Asian Restaurant","Chinese Restaurant","Dongbei Restaurant"
"Fujian Restaurant",4,"Food","Asian Restaurant","Chinese Restaurant","Fujian Restaurant"
"Guizhou Restaurant",4,"Food","Asian Restaurant","Chinese Restaurant","Guizhou Restaurant"
"Hainan Restaurant",4,"Food","Asian Restaurant","Chinese Restaurant","Hainan Restaurant"
"Hakka Restaurant",4,"Food","Asian Restaurant","Chinese Restaurant","Hakka Restaurant"
"Henan Restaurant",4,"Food","Asian Restaurant","Chinese Restaurant","Henan Restaurant"
"Hong Kong Restaurant",4,"Food","Asian Restaurant","Chinese Restaurant","Hong Kong Restaurant"
"Huaiyang Restaurant",4,"Food","Asian Restaurant","Chinese Restaurant","Huaiyang Restaurant"
"Hubei Restaurant",4,"Food","Asian Restaurant","Chinese Restaurant","Hubei Restaurant"
"Hunan Restaurant",4,"Food","Asian Restaurant","Chinese Restaurant","Hunan Restaurant"
"Imperial Restaurant",4,"Food","Asian Restaurant","Chinese Restaurant","Imperial Restaurant"
"Jiangsu Restaurant",4,"Food","Asian Restaurant","Chinese Restaurant","Jiangsu Restaurant"
"Jiangxi Restaurant",4,"Food","Asian Restaurant","Chinese Restaurant","Jiangxi Restaurant"
"Macanese Restaurant",4,"Food","Asian Restaurant","Chinese Restaurant","Macanese Restaurant"
"Manchu Restaurant",4,"Food","Asian Restaurant","Chinese Restaurant","Manchu Restaurant"
"Peking Duck Restaurant",4,"Food","Asian Restaurant","Chinese Restaurant","Peking Duck Restaurant"
"Shaanxi Restaurant",4,"Food","Asian Restaurant","Chinese Restaurant","Shaanxi Restaurant"
"Shandong Restaurant",4,"Food","Asian Restaurant","Chinese Restaurant","Shandong Restaurant"
"Shanghai Restaurant",4,"Food","Asian Restaurant","Chinese Restaurant","Shanghai Restaurant"
"Shanxi Restaurant",4,"Food","Asian Restaurant","Chinese Restaurant","Shanxi Restaurant"
"Szechuan Restaurant",4,"Food","Asian Restaurant","Chinese Restaurant","Szechuan Restaurant"
"Taiwanese Restaurant",4,"Food","Asian Restaurant","Chinese Restaurant","Taiwanese Restaurant"
"Tianjin Restaurant",4,"Food","Asian Restaurant","Chinese Restaurant","Tianjin Restaurant"
"Xinjiang Restaurant",4,"Food","Asian Restaurant","Chinese Restaurant","Xinjiang Restaurant"
"Yunnan Restaurant",4,"Food","Asian Restaurant","Chinese Restaurant","Yunnan Restaurant"
"Zhejiang Restaurant",4,"Food","Asian Restaurant","Chinese Restaurant","Zhejiang Restaurant"
"Filipino Restaurant",3,"Food","Asian Restaurant","Filipino Restaurant","Filipino Restaurant"
"Himalayan Restaurant",3,"Food","Asian Restaurant","Himalayan Restaurant","Himalayan Restaurant"
"Hotpot Restaurant",3,"Food","Asian Restaurant","Hotpot Restaurant","Hotpot Restaurant"
"Indonesian Restaurant",3,"Food","Asian Restaurant","Indonesian Restaurant","Indonesian Restaurant"
"Acehnese Restaurant",4,"Food","Asian Restaurant","Indonesian Restaurant","Acehnese Restaurant"
"Balinese Restaurant",4,"Food","Asian Restaurant","Indonesian Restaurant","Balinese Restaurant"
"Betawinese Restaurant",4,"Food","Asian Restaurant","Indonesian Restaurant","Betawinese Restaurant"
"Indonesian Meatball Place",4,"Food","Asian Restaurant","Indonesian Restaurant","Indonesian Meatball Place"
"Javanese Restaurant",4,"Food","Asian Restaurant","Indonesian Restaurant","Javanese Restaurant"
"Manadonese Restaurant",4,"Food","Asian Restaurant","Indonesian Restaurant","Manadonese Restaurant"
"Padangnese Restaurant",4,"Food","Asian Restaurant","Indonesian Restaurant","Padangnese Restaurant"
"Sundanese Restaurant",4,"Food","Asian Restaurant","Indonesian Restaurant","Sundanese Restaurant"
"Japanese Restaurant",3,"Food","Asian Restaurant","Japanese Restaurant","Japanese Restaurant"
"Donburi Restaurant",4,"Food","Asian Restaurant","Japanese Restaurant","Donburi Restaurant"
"Japanese Curry Restaurant",4,"Food","Asian Restaurant","Japanese Restaurant","Japanese Curry Restaurant"
"Japanese Family Restaurant",4,"Food","Asian Restaurant","Japanese Restaurant","Japanese Family Restaurant"
"Kaiseki Restaurant",4,"Food","Asian Restaurant","Japanese Restaurant","Kaiseki Restaurant"
"Kushikatsu Restaurant",4,"Food","Asian Restaurant","Japanese Restaurant","Kushikatsu Restaurant"
"Monjayaki Restaurant",4,"Food","Asian Restaurant","Japanese Restaurant","Monjayaki Restaurant"
"Nabe Restaurant",4,"Food","Asian Restaurant","Japanese Restaurant","Nabe Restaurant"
"Okonomiyaki Restaurant",4,"Food","Asian Restaurant","Japanese Restaurant","Okonomiyaki Restaurant"
"Ramen Restaurant",4,"Food","Asian Restaurant","Japanese Restaurant","Ramen Restaurant"
"Shabu-Shabu Restaurant",4,"Food","Asian Restaurant","Japanese Restaurant","Shabu-Shabu Restaurant"
"Soba Restaurant",4,"Food","Asian Restaurant","Japanese Restaurant","Soba Restaurant"
"Sukiyaki Restaurant",4,"Food","Asian Restaurant","Japanese Restaurant","Sukiyaki Restaurant"
"Sushi Restaurant",4,"Food","Asian Restaurant","Japanese Restaurant","Sushi Restaurant"
"Takoyaki Place",4,"Food","Asian Restaurant","Japanese Restaurant","Takoyaki Place"
"Teishoku Restaurant",4,"Food","Asian Restaurant","Japanese Restaurant","Teishoku Restaurant"
"Tempura Restaurant",4,"Food","Asian Restaurant","Japanese Restaurant","Tempura Restaurant"
"Tonkatsu Restaurant",4,"Food","Asian Restaurant","Japanese Restaurant","Tonkatsu Restaurant"
"Udon Restaurant",4,"Food","Asian Restaurant","Japanese Restaurant","Udon Restaurant"
"Unagi Restaurant",4,"Food","Asian Restaurant","Japanese Restaurant","Unagi Restaurant"
"Wagashi Place",4,"Food","Asian Restaurant","Japanese Restaurant","Wagashi Place"
"Yakitori Restaurant",4,"Food","Asian Restaurant","Japanese Restaurant","Yakitori Restaurant"
"Yoshoku Restaurant",4,"Food","Asian Restaurant","Japanese Restaurant","Yoshoku Restaurant"
"Korean Restaurant",3,"Food","Asian Restaurant","Korean Restaurant","Korean Restaurant"
"Bossam/Jokbal Restaurant",4,"Food","Asian Restaurant","Korean Restaurant","Bossam/Jokbal Restaurant"
"Bunsik Restaurant",4,"Food","Asian Restaurant","Korean Restaurant","Bunsik Restaurant"
"Gukbap Restaurant",4,"Food","Asian Restaurant","Korean Restaurant","Gukbap Restaurant"
"Janguh Restaurant",4,"Food","Asian Restaurant","Korean Restaurant","Janguh Restaurant"
"Korean BBQ Restaurant",4,"Food","Asian Restaurant","Korean Restaurant","Korean BBQ Restaurant"
"Samgyetang Restaurant",4,"Food","Asian Restaurant","Korean Restaurant","Samgyetang Restaurant"
"Malay Restaurant",3,"Food","Asian Restaurant","Malay Restaurant","Malay Restaurant"
"Mamak Restaurant",4,"Food","Asian Restaurant","Malay Restaurant","Mamak Restaurant"
"Mongolian Restaurant",3,"Food","Asian Restaurant","Mongolian Restaurant","Mongolian Restaurant"
"Noodle House",3,"Food","Asian Restaurant","Noodle House","Noodle House"
"Satay Restaurant",3,"Food","Asian Restaurant","Satay Restaurant","Satay Restaurant"
"Singaporean Restaurant",3,"Food","Asian Restaurant","Singaporean Restaurant","Singaporean Restaurant"
"Thai Restaurant",3,"Food","Asian Restaurant","Thai Restaurant","Thai Restaurant"
"Som Tum Restaurant",4,"Food","Asian Restaurant","Thai Restaurant","Som Tum Restaurant"
"Tibetan Restaurant",3,"Food","Asian Restaurant","Tibetan Restaurant","Tibetan Restaurant"
"Vietnamese Restaurant",3,"Food","Asian Restaurant","Vietnamese Restaurant","Vietnamese Restaurant"
"Australian Restaurant",2,"Food","Australian Restaurant","Australian Restaurant","Australian Restaurant"
"Austrian Restaurant",2,"Food","Austrian Restaurant","Austrian Restaurant","Austrian Restaurant"
"BBQ Joint",2,"Food","BBQ Joint","BBQ Joint","BBQ Joint"
"Bagel Shop",2,"Food","Bagel Shop","Bagel Shop","Bagel Shop"
"Bakery",2,"Food","Bakery","Bakery","Bakery"
"Bangladeshi Restaurant",2,"Food","Bangladeshi Restaurant","Bangladeshi Restaurant","Bangladeshi Restaurant"
"Belgian Restaurant",2,"Food","Belgian Restaurant","Belgian Restaurant","Belgian Restaurant"
"Bistro",2,"Food","Bistro","Bistro","Bistro"
"Breakfast Spot",2,"Food","Breakfast Spot","Breakfast Spot","Breakfast Spot"
"Bubble Tea Shop",2,"Food","Bubble Tea Shop","Bubble Tea Shop","Bubble Tea Shop"
"Buffet",2,"Food","Buffet","Buffet","Buffet"
"Burger Joint",2,"Food","Burger Joint","Burger Joint","Burger Joint"
"Cafeteria",2,"Food","Cafeteria","Cafeteria","Cafeteria"
"Café",2,"Food","Café","Café","Café"
"Cajun / Creole Restaurant",2,"Food","Cajun / Creole Restaurant","Cajun / Creole Restaurant","Cajun / Creole Restaurant"
"Caribbean Restaurant",2,"Food","Caribbean Restaurant","Caribbean Restaurant","Caribbean Restaurant"
"Cuban Restaurant",3,"Food","Caribbean Restaurant","Cuban Restaurant","Cuban Restaurant"
"Puerto Rican Restaurant",3,"Food","Caribbean Restaurant","Puerto Rican Restaurant","Puerto Rican Restaurant"
"Caucasian Restaurant",2,"Food","Caucasian Restaurant","Caucasian Restaurant","Caucasian Restaurant"
"Coffee Shop",2,"Food","Coffee Shop","Coffee Shop","Coffee Shop"
"Comfort Food Restaurant",2,"Food","Comfort Food Restaurant","Comfort Food Restaurant","Comfort Food Restaurant"
"Creperie",2,"Food","Creperie","Creperie","Creperie"
"Czech Restaurant",2,"Food","Czech Restaurant","Czech Restaurant","Czech Restaurant"
"Deli / Bodega",2,"Food","Deli / Bodega","Deli / Bodega","Deli / Bodega"
"Dessert Shop",2,"Food","Dessert Shop","Dessert Shop","Dessert Shop"
"Cupcake Shop",3,"Food","Dessert Shop","Cupcake Shop","Cupcake Shop"
"Frozen Yogurt Shop",3,"Food","Dessert Shop","Frozen Yogurt Shop","Frozen Yogurt Shop"
"Gelato Shop",3,"Food","Dessert Shop","Gelato Shop","Gelato Shop"
"Ice Cream Shop",3,"Food","Dessert Shop","Ice Cream Shop","Ice Cream Shop"
"Pastry Shop",3,"Food","Dessert Shop","Pastry Shop","Pastry Shop"
"Pie Shop",3,"Food","Dessert Shop","Pie Shop","Pie Shop"
"Diner",2,"Food","Diner","Diner","Diner"
"Donut Shop",2,"Food","Donut Shop","Donut Shop","Donut Shop"
"Dumpling Restaurant",2,"Food","Dumpling Restaurant","Dumpling Restaurant","Dumpling Restaurant"
"Dutch Restaurant",2,"Food","Dutch Restaurant","Dutch Restaurant","Dutch Restaurant"
"Eastern European Restaurant",2,"Food","Eastern European Restaurant","Eastern European Restaurant","Eastern European Restaurant"
"Belarusian Restaurant",3,"Food","Eastern European Restaurant","Belarusian Restaurant","Belarusian Restaurant"
"Bosnian Restaurant",3,"Food","Eastern European Restaurant","Bosnian Restaurant","Bosnian Restaurant"
"Bulgarian Restaurant",3,"Food","Eastern European Restaurant","Bulgarian Restaurant","Bulgarian Restaurant"
"Romanian Restaurant",3,"Food","Eastern European Restaurant","Romanian Restaurant","Romanian Restaurant"
"Tatar Restaurant",3,"Food","Eastern European Restaurant","Tatar Restaurant","Tatar Restaurant"
"English Restaurant",2,"Food","English Restaurant","English Restaurant","English Restaurant"
"Falafel Restaurant",2,"Food","Falafel Restaurant","Falafel Restaurant","Falafel Restaurant"
"Fast Food Restaurant",2,"Food","Fast Food Restaurant","Fast Food Restaurant","Fast Food Restaurant"
"Fish & Chips Shop",2,"Food","Fish & Chips Shop","Fish & Chips Shop","Fish & Chips Shop"
"Fondue Restaurant",2,"Food","Fondue Restaurant","Fondue Restaurant","Fondue Restaurant"
"Food Court",2,"Food","Food Court","Food Court","Food Court"
"Food Stand",2,"Food","Food Stand","Food Stand","Food Stand"
"Food Truck",2,"Food","Food Truck","Food Truck","Food Truck"
"French Restaurant",2,"Food","French Restaurant","French Restaurant","French Restaurant"
"Alsatian Restaurant",3,"Food","French Restaurant","Alsatian Restaurant","Alsatian Restaurant"
"Auvergne Restaurant",3,"Food","French Restaurant","Auvergne Restaurant","Auvergne Restaurant"
"Basque Restaurant",3,"Food","French Restaurant","Basque Restaurant","Basque Restaurant"
"Brasserie",3,"Food","French Restaurant","Brasserie","Brasserie"
"Breton Restaurant",3,"Food","French Restaurant","Breton Restaurant","Breton Restaurant"
"Burgundian Restaurant",3,"Food","French Restaurant","Burgundian Restaurant","Burgundian Restaurant"
"Catalan Restaurant",3,"Food","French Restaurant","Catalan Restaurant","Catalan Restaurant"
"Ch'ti Restaurant",3,"Food","French Restaurant","Ch'ti Restaurant","Ch'ti Restaurant"
"Corsican Restaurant",3,"Food","French Restaurant","Corsican Restaurant","Corsican Restaurant"
"Estaminet",3,"Food","French Restaurant","Estaminet","Estaminet"
"Labour Canteen",3,"Food","French Restaurant","Labour Canteen","Labour Canteen"
"Lyonese Bouchon",3,"Food","French Restaurant","Lyonese Bouchon","Lyonese Bouchon"
"Norman Restaurant",3,"Food","French Restaurant","Norman Restaurant","Norman Restaurant"
"Provençal Restaurant",3,"Food","French Restaurant","Provençal Restaurant","Provençal Restaurant"
"Savoyard Restaurant",3,"Food","French Restaurant","Savoyard Restaurant","Savoyard Restaurant"
"Southwestern French Restaurant",3,"Food","French Restaurant","Southwestern French Restaurant","Southwestern French Restaurant"
"Fried Chicken Joint",2,"Food","Fried Chicken Joint","Fried Chicken Joint","Fried Chicken Joint"
"Friterie",2,"Food","Friterie","Friterie","Friterie"
"Gastropub",2,"Food","Gastropub","Gastropub","Gastropub"
"German Restaurant",2,"Food","German Restaurant","German Restaurant","German Restaurant"
"Apple Wine Pub",3,"Food","German Restaurant","Apple Wine Pub","Apple Wine Pub"
"Bavarian Restaurant",3,"Food","German Restaurant","Bavarian Restaurant","Bavarian Restaurant"
"Bratwurst Joint",3,"Food","German Restaurant","Bratwurst Joint","Bratwurst Joint"
"Currywurst Joint",3,"Food","German Restaurant","Currywurst Joint","Currywurst Joint"
"Franconian Restaurant",3,"Food","German Restaurant","Franconian Restaurant","Franconian Restaurant"
"German Pop-Up Restaurant",3,"Food","German Restaurant","German Pop-Up Restaurant","German Pop-Up Restaurant"
"Palatine Restaurant",3,"Food","German Restaurant","Palatine Restaurant","Palatine Restaurant"
"Rhenisch Restaurant",3,"Food","German Restaurant","Rhenisch Restaurant","Rhenisch Restaurant"
"Schnitzel Restaurant",3,"Food","German Restaurant","Schnitzel Restaurant","Schnitzel Restaurant"
"Silesian Restaurant",3,"Food","German Restaurant","Silesian Restaurant","Silesian Restaurant"
"Swabian Restaurant",3,"Food","German Restaurant","Swabian Restaurant","Swabian Restaurant"
"Gluten-free Restaurant",2,"Food","Gluten-free Restaurant","Gluten-free Restaurant","Gluten-free Restaurant"
"Greek Restaurant",2,"Food","Greek Restaurant","Greek Restaurant","Greek Restaurant"
"Bougatsa Shop",3,"Food","Greek Restaurant","Bougatsa Shop","Bougatsa Shop"
"Cretan Restaurant",3,"Food","Greek Restaurant","Cretan Restaurant","Cretan Restaurant"
"Fish Taverna",3,"Food","Greek Restaurant","Fish Taverna","Fish Taverna"
"Grilled Meat Restaurant",3,"Food","Greek Restaurant","Grilled Meat Restaurant","Grilled Meat Restaurant"
"Kafenio",3,"Food","Greek Restaurant","Kafenio","Kafenio"
"Magirio",3,"Food","Greek Restaurant","Magirio","Magirio"
"Meze Restaurant",3,"Food","Greek Restaurant","Meze Restaurant","Meze Restaurant"
"Modern Greek Restaurant",3,"Food","Greek Restaurant","Modern Greek Restaurant","Modern Greek Restaurant"
"Ouzeri",3,"Food","Greek Restaurant","Ouzeri","Ouzeri"
"Patsa Restaurant",3,"Food","Greek Restaurant","Patsa Restaurant","Patsa Restaurant"
"Souvlaki Shop",3,"Food","Greek Restaurant","Souvlaki Shop","Souvlaki Shop"
"Taverna",3,"Food","Greek Restaurant","Taverna","Taverna"
"Tsipouro Restaurant",3,"Food","Greek Restaurant","Tsipouro Restaurant","Tsipouro Restaurant"
"Halal Restaurant",2,"Food","Halal Restaurant","Halal Restaurant","Halal Restaurant"
"Hawaiian Restaurant",2,"Food","Hawaiian Restaurant","Hawaiian Restaurant","Hawaiian Restaurant"
"Poke Place",3,"Food","Hawaiian Restaurant","Poke Place","Poke Place"
"Hot Dog Joint",2,"Food","Hot Dog Joint","Hot Dog Joint","Hot Dog Joint"
"Hungarian Restaurant",2,"Food","Hungarian Restaurant","Hungarian Restaurant","Hungarian Restaurant"
"Indian Restaurant",2,"Food","Indian Restaurant","Indian Restaurant","Indian Restaurant"
"Andhra Restaurant",3,"Food","Indian Restaurant","Andhra Restaurant","Andhra Restaurant"
"Awadhi Restaurant",3,"Food","Indian Restaurant","Awadhi Restaurant","Awadhi Restaurant"
"Bengali Restaurant",3,"Food","Indian Restaurant","Bengali Restaurant","Bengali Restaurant"
"Chaat Place",3,"Food","Indian Restaurant","Chaat Place","Chaat Place"
"Chettinad Restaurant",3,"Food","Indian Restaurant","Chettinad Restaurant","Chettinad Restaurant"
"Dhaba",3,"Food","Indian Restaurant","Dhaba","Dhaba"
"Dosa Place",3,"Food","Indian Restaurant","Dosa Place","Dosa Place"
"Goan Restaurant",3,"Food","Indian Restaurant","Goan Restaurant","Goan Restaurant"
"Gujarati Restaurant",3,"Food","Indian Restaurant","Gujarati Restaurant","Gujarati Restaurant"
"Hyderabadi Restaurant",3,"Food","Indian Restaurant","Hyderabadi Restaurant","Hyderabadi Restaurant"
"Indian Chinese Restaurant",3,"Food","Indian Restaurant","Indian Chinese Restaurant","Indian Chinese Restaurant"
"Indian Sweet Shop",3,"Food","Indian Restaurant","Indian Sweet Shop","Indian Sweet Shop"
"Irani Cafe",3,"Food","Indian Restaurant","Irani Cafe","Irani Cafe"
"Jain Restaurant",3,"Food","Indian Restaurant","Jain Restaurant","Jain Restaurant"
"Karnataka Restaurant",3,"Food","Indian Restaurant","Karnataka Restaurant","Karnataka Restaurant"
"Kerala Restaurant",3,"Food","Indian Restaurant","Kerala Restaurant","Kerala Restaurant"
"Maharashtrian Restaurant",3,"Food","Indian Restaurant","Maharashtrian Restaurant","Maharashtrian Restaurant"
"Mughlai Restaurant",3,"Food","Indian Restaurant","Mughlai Restaurant","Mughlai Restaurant"
"Multicuisine Indian Restaurant",3,"Food","Indian Restaurant","Multicuisine Indian Restaurant","Multicuisine Indian Restaurant"
"North Indian Restaurant",3,"Food","Indian Restaurant","North Indian Restaurant","North Indian Restaurant"
"Northeast Indian Restaurant",3,"Food","Indian Restaurant","Northeast Indian Restaurant","Northeast Indian Restaurant"
"Parsi Restaurant",3,"Food","Indian Restaurant","Parsi Restaurant","Parsi Restaurant"
"Punjabi Restaurant",3,"Food","Indian Restaurant","Punjabi Restaurant","Punjabi Restaurant"
"Rajasthani Restaurant",3,"Food","Indian Restaurant","Rajasthani Restaurant","Rajasthani Restaurant"
"South Indian Restaurant",3,"Food","Indian Restaurant","South Indian Restaurant","South Indian Restaurant"
"Udupi Restaurant",3,"Food","Indian Restaurant","Udupi Restaurant","Udupi Restaurant"
"Irish Pub",2,"Food","Irish Pub","Irish Pub","Irish Pub"
"Italian Restaurant",2,"Food","Italian Restaurant","Italian Restaurant","Italian Restaurant"
"Abruzzo Restaurant",3,"Food","Italian Restaurant","Abruzzo Restaurant","Abruzzo Restaurant"
"Agriturismo",3,"Food","Italian Restaurant","Agriturismo","Agriturismo"
"Aosta Restaurant",3,"Food","Italian Restaurant","Aosta Restaurant","Aosta Restaurant"
"Basilicata Restaurant",3,"Food","Italian Restaurant","Basilicata Restaurant","Basilicata Restaurant"
"Calabria Restaurant",3,"Food","Italian Restaurant","Calabria Restaurant","Calabria Restaurant"
"Campanian Restaurant",3,"Food","Italian Restaurant","Campanian Restaurant","Campanian Restaurant"
"Emilia Restaurant",3,"Food","Italian Restaurant","Emilia Restaurant","Emilia Restaurant"
"Friuli Restaurant",3,"Food","Italian Restaurant","Friuli Restaurant","Friuli Restaurant"
"Ligurian Restaurant",3,"Food","Italian Restaurant","Ligurian Restaurant","Ligurian Restaurant"
"Lombard Restaurant",3,"Food","Italian Restaurant","Lombard Restaurant","Lombard Restaurant"
"Malga",3,"Food","Italian Restaurant","Malga","Malga"
"Marche Restaurant",3,"Food","Italian Restaurant","Marche Restaurant","Marche Restaurant"
"Molise Restaurant",3,"Food","Italian Restaurant","Molise Restaurant","Molise Restaurant"
"Piadineria",3,"Food","Italian Restaurant","Piadineria","Piadineria"
"Piedmontese Restaurant",3,"Food","Italian Restaurant","Piedmontese Restaurant","Piedmontese Restaurant"
"Puglia Restaurant",3,"Food","Italian Restaurant","Puglia Restaurant","Puglia Restaurant"
"Romagna Restaurant",3,"Food","Italian Restaurant","Romagna Restaurant","Romagna Restaurant"
"Roman Restaurant",3,"Food","Italian Restaurant","Roman Restaurant","Roman Restaurant"
"Sardinian Restaurant",3,"Food","Italian Restaurant","Sardinian Restaurant","Sardinian Restaurant"
"Sicilian Restaurant",3,"Food","Italian Restaurant","Sicilian Restaurant","Sicilian Restaurant"
"South Tyrolean Restaurant",3,"Food","Italian Restaurant","South Tyrolean Restaurant","South Tyrolean Restaurant"
"Trattoria/Osteria",3,"Food","Italian Restaurant","Trattoria/Osteria","Trattoria/Osteria"
"Trentino Restaurant",3,"Food","Italian Restaurant","Trentino Restaurant","Trentino Restaurant"
"Tuscan Restaurant",3,"Food","Italian Restaurant","Tuscan Restaurant","Tuscan Restaurant"
"Umbrian Restaurant",3,"Food","Italian Restaurant","Umbrian Restaurant","Umbrian Restaurant"
"Veneto Restaurant",3,"Food","Italian Restaurant","Veneto Restaurant","Veneto Restaurant"
"Jewish Restaurant",2,"Food","Jewish Restaurant","Jewish Restaurant","Jewish Restaurant"
"Kosher Restaurant",3,"Food","Jewish Restaurant","Kosher Restaurant","Kosher Restaurant"
"Juice Bar",2,"Food","Juice Bar","Juice Bar","Juice Bar"
"Kebab Restaurant",2,"Food","Kebab Restaurant","Kebab Restaurant","Kebab Restaurant"
"Latin American Restaurant",2,"Food","Latin American Restaurant","Latin American Restaurant","Latin American Restaurant"
"Arepa Restaurant",3,"Food","Latin American Restaurant","Arepa Restaurant","Arepa Restaurant"
"Empanada Restaurant",3,"Food","Latin American Restaurant","Empanada Restaurant","Empanada Restaurant"
"Honduran Restaurant",3,"Food","Latin American Restaurant","Honduran Restaurant","Honduran Restaurant"
"Salvadoran Restaurant",3,"Food","Latin American Restaurant","Salvadoran Restaurant","Salvadoran Restaurant"
"South American Restaurant",3,"Food","Latin American Restaurant","South American Restaurant","South American Restaurant"
"Argentinian Restaurant",4,"Food","Latin American Restaurant","South American Restaurant","Argentinian Restaurant"
"Brazilian Restaurant",4,"Food","Latin American Restaurant","South American Restaurant","Brazilian Restaurant"
"Acai House",5,"Food","Latin American Restaurant","South American Restaurant","Brazilian Restaurant"
"Baiano Restaurant",5,"Food","Latin American Restaurant","South American Restaurant","Brazilian Restaurant"
"Central Brazilian Restaurant",5,"Food","Latin American Restaurant","South American Restaurant","Brazilian Restaurant"
"Churrascaria",5,"Food","Latin American Restaurant","South American Restaurant","Brazilian Restaurant"
"Empada House",5,"Food","Latin American Restaurant","South American Restaurant","Brazilian Restaurant"
"Goiano Restaurant",5,"Food","Latin American Restaurant","South American Restaurant","Brazilian Restaurant"
"Mineiro Restaurant",5,"Food","Latin American Restaurant","South American Restaurant","Brazilian Restaurant"
"Northeastern Brazilian Restaurant",5,"Food","Latin American Restaurant","South American Restaurant","Brazilian Restaurant"
"Northern Brazilian Restaurant",5,"Food","Latin American Restaurant","South American Restaurant","Brazilian Restaurant"
"Pastelaria",5,"Food","Latin American Restaurant","South American Restaurant","Brazilian Restaurant"
"Southeastern Brazilian Restaurant",5,"Food","Latin American Restaurant","South American Restaurant","Brazilian Restaurant"
"Southern Brazilian Restaurant",5,"Food","Latin American Restaurant","South American Restaurant","Brazilian Restaurant"
"Tapiocaria",5,"Food","Latin American Restaurant","South American Restaurant","Brazilian Restaurant"
"Colombian Restaurant",4,"Food","Latin American Restaurant","South American Restaurant","Colombian Restaurant"
"Peruvian Restaurant",4,"Food","Latin American Restaurant","South American Restaurant","Peruvian Restaurant"
"Peruvian Roast Chicken Joint",5,"Food","Latin American Restaurant","South American Restaurant","Peruvian Restaurant"
"Venezuelan Restaurant",4,"Food","Latin American Restaurant","South American Restaurant","Venezuelan Restaurant"
"Mac & Cheese Joint",2,"Food","Mac & Cheese Joint","Mac & Cheese Joint","Mac & Cheese Joint"
"Mediterranean Restaurant",2,"Food","Mediterranean Restaurant","Mediterranean Restaurant","Mediterranean Restaurant"
"Moroccan Restaurant",3,"Food","Mediterranean Restaurant","Moroccan Restaurant","Moroccan Restaurant"
"Mexican Restaurant",2,"Food","Mexican Restaurant","Mexican Restaurant","Mexican Restaurant"
"Botanero",3,"Food","Mexican Restaurant","Botanero","Botanero"
"Burrito Place",3,"Food","Mexican Restaurant","Burrito Place","Burrito Place"
"Taco Place",3,"Food","Mexican Restaurant","Taco Place","Taco Place"
"Tex-Mex Restaurant",3,"Food","Mexican Restaurant","Tex-Mex Restaurant","Tex-Mex Restaurant"
"Yucatecan Restaurant",3,"Food","Mexican Restaurant","Yucatecan Restaurant","Yucatecan Restaurant"
"Middle Eastern Restaurant",2,"Food","Middle Eastern Restaurant","Middle Eastern Restaurant","Middle Eastern Restaurant"
"Egyptian Restaurant",3,"Food","Middle Eastern Restaurant","Egyptian Restaurant","Egyptian Restaurant"
"Iraqi Restaurant",3,"Food","Middle Eastern Restaurant","Iraqi Restaurant","Iraqi Restaurant"
"Israeli Restaurant",3,"Food","Middle Eastern Restaurant","Israeli Restaurant","Israeli Restaurant"
"Kurdish Restaurant",3,"Food","Middle Eastern Restaurant","Kurdish Restaurant","Kurdish Restaurant"
"Lebanese Restaurant",3,"Food","Middle Eastern Restaurant","Lebanese Restaurant","Lebanese Restaurant"
"Persian Restaurant",3,"Food","Middle Eastern Restaurant","Persian Restaurant","Persian Restaurant"
"Ash and Haleem Place",4,"Food","Middle Eastern Restaurant","Persian Restaurant","Ash and Haleem Place"
"Dizi Place",4,"Food","Middle Eastern Restaurant","Persian Restaurant","Dizi Place"
"Gilaki Restaurant",4,"Food","Middle Eastern Restaurant","Persian Restaurant","Gilaki Restaurant"
"Jegaraki",4,"Food","Middle Eastern Restaurant","Persian Restaurant","Jegaraki"
"Tabbakhi",4,"Food","Middle Eastern Restaurant","Persian Restaurant","Tabbakhi"
"Shawarma Place",3,"Food","Middle Eastern Restaurant","Shawarma Place","Shawarma Place"
"Syrian Restaurant",3,"Food","Middle Eastern Restaurant","Syrian Restaurant","Syrian Restaurant"
"Yemeni Restaurant",3,"Food","Middle Eastern Restaurant","Yemeni Restaurant","Yemeni Restaurant"
"Modern European Restaurant",2,"Food","Modern European Restaurant","Modern European Restaurant","Modern European Restaurant"
"Molecular Gastronomy Restaurant",2,"Food","Molecular Gastronomy Restaurant","Molecular Gastronomy Restaurant","Molecular Gastronomy Restaurant"
"Pakistani Restaurant",2,"Food","Pakistani Restaurant","Pakistani Restaurant","Pakistani Restaurant"
"Pet Café",2,"Food","Pet Café","Pet Café","Pet Café"
"Pizza Place",2,"Food","Pizza Place","Pizza Place","Pizza Place"
"Polish Restaurant",2,"Food","Polish Restaurant","Polish Restaurant","Polish Restaurant"
"Portuguese Restaurant",2,"Food","Portuguese Restaurant","Portuguese Restaurant","Portuguese Restaurant"
"Poutine Place",2,"Food","Poutine Place","Poutine Place","Poutine Place"
"Restaurant",2,"Food","Restaurant","Restaurant","Restaurant"
"Russian Restaurant",2,"Food","Russian Restaurant","Russian Restaurant","Russian Restaurant"
"Blini House",3,"Food","Russian Restaurant","Blini House","Blini House"
"Pelmeni House",3,"Food","Russian Restaurant","Pelmeni House","Pelmeni House"
"Salad Place",2,"Food","Salad Place","Salad Place","Salad Place"
"Sandwich Place",2,"Food","Sandwich Place","Sandwich Place","Sandwich Place"
"Scandinavian Restaurant",2,"Food","Scandinavian Restaurant","Scandinavian Restaurant","Scandinavian Restaurant"
"Scottish Restaurant",2,"Food","Scottish Restaurant","Scottish Restaurant","Scottish Restaurant"
"Seafood Restaurant",2,"Food","Seafood Restaurant","Seafood Restaurant","Seafood Restaurant"
"Slovak Restaurant",2,"Food","Slovak Restaurant","Slovak Restaurant","Slovak Restaurant"
"Snack Place",2,"Food","Snack Place","Snack Place","Snack Place"
"Soup Place",2,"Food","Soup Place","Soup Place","Soup Place"
"Southern / Soul Food Restaurant",2,"Food","Southern / Soul Food Restaurant","Southern / Soul Food Restaurant","Southern / Soul Food Restaurant"
"Spanish Restaurant",2,"Food","Spanish Restaurant","Spanish Restaurant","Spanish Restaurant"
"Paella Restaurant",3,"Food","Spanish Restaurant","Paella Restaurant","Paella Restaurant"
"Tapas Restaurant",3,"Food","Spanish Restaurant","Tapas Restaurant","Tapas Restaurant"
"Sri Lankan Restaurant",2,"Food","Sri Lankan Restaurant","Sri Lankan Restaurant","Sri Lankan Restaurant"
"Steakhouse",2,"Food","Steakhouse","Steakhouse","Steakhouse"
"Swiss Restaurant",2,"Food","Swiss Restaurant","Swiss Restaurant","Swiss Restaurant"
"Tea Room",2,"Food","Tea Room","Tea Room","Tea Room"
"Theme Restaurant",2,"Food","Theme Restaurant","Theme Restaurant","Theme Restaurant"
"Turkish Restaurant",2,"Food","Turkish Restaurant","Turkish Restaurant","Turkish Restaurant"
"Borek Place",3,"Food","Turkish Restaurant","Borek Place","Borek Place"
"Cigkofte Place",3,"Food","Turkish Restaurant","Cigkofte Place","Cigkofte Place"
"Doner Restaurant",3,"Food","Turkish Restaurant","Doner Restaurant","Doner Restaurant"
"Gozleme Place",3,"Food","Turkish Restaurant","Gozleme Place","Gozleme Place"
"Kofte Place",3,"Food","Turkish Restaurant","Kofte Place","Kofte Place"
"Kokoreç Restaurant",3,"Food","Turkish Restaurant","Kokoreç Restaurant","Kokoreç Restaurant"
"Kumpir Restaurant",3,"Food","Turkish Restaurant","Kumpir Restaurant","Kumpir Restaurant"
"Kumru Restaurant",3,"Food","Turkish Restaurant","Kumru Restaurant","Kumru Restaurant"
"Manti Place",3,"Food","Turkish Restaurant","Manti Place","Manti Place"
"Meyhane",3,"Food","Turkish Restaurant","Meyhane","Meyhane"
"Pide Place",3,"Food","Turkish Restaurant","Pide Place","Pide Place"
"Pilavcı",3,"Food","Turkish Restaurant","Pilavcı","Pilavcı"
"Söğüş Place",3,"Food","Turkish Restaurant","Söğüş Place","Söğüş Place"
"Tantuni Place",3,"Food","Turkish Restaurant","Tantuni Place","Tantuni Place"
"Turkish Coffeehouse",3,"Food","Turkish Restaurant","Turkish Coffeehouse","Turkish Coffeehouse"
"Turkish Home Cooking Restaurant",3,"Food","Turkish Restaurant","Turkish Home Cooking Restaurant","Turkish Home Cooking Restaurant"
"Çöp Şiş Place",3,"Food","Turkish Restaurant","Çöp Şiş Place","Çöp Şiş Place"
"Ukrainian Restaurant",2,"Food","Ukrainian Restaurant","Ukrainian Restaurant","Ukrainian Restaurant"
"Varenyky restaurant",3,"Food","Ukrainian Restaurant","Varenyky restaurant","Varenyky restaurant"
"West-Ukrainian Restaurant",3,"Food","Ukrainian Restaurant","West-Ukrainian Restaurant","West-Ukrainian Restaurant"
"Vegetarian / Vegan Restaurant",2,"Food","Vegetarian / Vegan Restaurant","Vegetarian / Vegan Restaurant","Vegetarian / Vegan Restaurant"
"Waffle Shop",2,"Food","Waffle Shop","Waffle Shop","Waffle Shop"
"Wings Joint",2,"Food","Wings Joint","Wings Joint","Wings Joint"
"Nightlife Spot",1,"Nightlife Spot","Nightlife Spot","Nightlife Spot","Nightlife Spot"
"Bar",2,"Nightlife Spot","Bar","Bar","Bar"
"Beach Bar",3,"Nightlife Spot","Bar","Beach Bar","Beach Bar"
"Beer Bar",3,"Nightlife Spot","Bar","Beer Bar","Beer Bar"
"Beer Garden",3,"Nightlife Spot","Bar","Beer Garden","Beer Garden"
"Champagne Bar",3,"Nightlife Spot","Bar","Champagne Bar","Champagne Bar"
"Cocktail Bar",3,"Nightlife Spot","Bar","Cocktail Bar","Cocktail Bar"
"Dive Bar",3,"Nightlife Spot","Bar","Dive Bar","Dive Bar"
"Gay Bar",3,"Nightlife Spot","Bar","Gay Bar","Gay Bar"
"Hookah Bar",3,"Nightlife Spot","Bar","Hookah Bar","Hookah Bar"
"Hotel Bar",3,"Nightlife Spot","Bar","Hotel Bar","Hotel Bar"
"Ice Bar",3,"Nightlife Spot","Bar","Ice Bar","Ice Bar"
"Karaoke Bar",3,"Nightlife Spot","Bar","Karaoke Bar","Karaoke Bar"
"Pub",3,"Nightlife Spot","Bar","Pub","Pub"
"Rooftop Bar",3,"Nightlife Spot","Bar","Rooftop Bar","Rooftop Bar"
"Sake Bar",3,"Nightlife Spot","Bar","Sake Bar","Sake Bar"
"Speakeasy",3,"Nightlife Spot","Bar","Speakeasy","Speakeasy"
"Sports Bar",3,"Nightlife Spot","Bar","Sports Bar","Sports Bar"
"Tiki Bar",3,"Nightlife Spot","Bar","Tiki Bar","Tiki Bar"
"Whisky Bar",3,"Nightlife Spot","Bar","Whisky Bar","Whisky Bar"
"Wine Bar",3,"Nightlife Spot","Bar","Wine Bar","Wine Bar"
"Brewery",2,"Nightlife Spot","Brewery","Brewery","Brewery"
"Lounge",2,"Nightlife Spot","Lounge","Lounge","Lounge"
"Night Market",2,"Nightlife Spot","Night Market","Night Market","Night Market"
"Nightclub",2,"Nightlife Spot","Nightclub","Nightclub","Nightclub"
"Other Nightlife",2,"Nightlife Spot","Other Nightlife","Other Nightlife","Other Nightlife"
"Strip Club",2,"Nightlife Spot","Strip Club","Strip Club","Strip Club"
"Outdoors & Recreation",1,"Outdoors & Recreation","Outdoors & Recreation","Outdoors & Recreation","Outdoors & Recreation"
"Athletics & Sports",2,"Outdoors & Recreation","Athletics & Sports","Athletics & Sports","Athletics & Sports"
"Badminton Court",3,"Outdoors & Recreation","Athletics & Sports","Badminton Court","Badminton Court"
"Baseball Field",3,"Outdoors & Recreation","Athletics & Sports","Baseball Field","Baseball Field"
"Basketball Court",3,"Outdoors & Recreation","Athletics & Sports","Basketball Court","Basketball Court"
"Bowling Green",3,"Outdoors & Recreation","Athletics & Sports","Bowling Green","Bowling Green"
"Curling Ice",3,"Outdoors & Recreation","Athletics & Sports","Curling Ice","Curling Ice"
"Golf Course",3,"Outdoors & Recreation","Athletics & Sports","Golf Course","Golf Course"
"Golf Driving Range",3,"Outdoors & Recreation","Athletics & Sports","Golf Driving Range","Golf Driving Range"
"Gym / Fitness Center",3,"Outdoors & Recreation","Athletics & Sports","Gym / Fitness Center","Gym / Fitness Center"
"Boxing Gym",4,"Outdoors & Recreation","Athletics & Sports","Gym / Fitness Center","Boxing Gym"
"Climbing Gym",4,"Outdoors & Recreation","Athletics & Sports","Gym / Fitness Center","Climbing Gym"
"Cycle Studio",4,"Outdoors & Recreation","Athletics & Sports","Gym / Fitness Center","Cycle Studio"
"Gym Pool",4,"Outdoors & Recreation","Athletics & Sports","Gym / Fitness Center","Gym Pool"
"Gymnastics Gym",4,"Outdoors & Recreation","Athletics & Sports","Gym / Fitness Center","Gymnastics Gym"
"Gym",4,"Outdoors & Recreation","Athletics & Sports","Gym / Fitness Center","Gym"
"Martial Arts School",4,"Outdoors & Recreation","Athletics & Sports","Gym / Fitness Center","Martial Arts School"
"Outdoor Gym",4,"Outdoors & Recreation","Athletics & Sports","Gym / Fitness Center","Outdoor Gym"
"Pilates Studio",4,"Outdoors & Recreation","Athletics & Sports","Gym / Fitness Center","Pilates Studio"
"Track",4,"Outdoors & Recreation","Athletics & Sports","Gym / Fitness Center","Track"
"Weight Loss Center",4,"Outdoors & Recreation","Athletics & Sports","Gym / Fitness Center","Weight Loss Center"
"Yoga Studio",4,"Outdoors & Recreation","Athletics & Sports","Gym / Fitness Center","Yoga Studio"
"Hockey Field",3,"Outdoors & Recreation","Athletics & Sports","Hockey Field","Hockey Field"
"Hockey Rink",3,"Outdoors & Recreation","Athletics & Sports","Hockey Rink","Hockey Rink"
"Paintball Field",3,"Outdoors & Recreation","Athletics & Sports","Paintball Field","Paintball Field"
"Rugby Pitch",3,"Outdoors & Recreation","Athletics & Sports","Rugby Pitch","Rugby Pitch"
"Skate Park",3,"Outdoors & Recreation","Athletics & Sports","Skate Park","Skate Park"
"Skating Rink",3,"Outdoors & Recreation","Athletics & Sports","Skating Rink","Skating Rink"
"Soccer Field",3,"Outdoors & Recreation","Athletics & Sports","Soccer Field","Soccer Field"
"Sports Club",3,"Outdoors & Recreation","Athletics & Sports","Sports Club","Sports Club"
"Squash Court",3,"Outdoors & Recreation","Athletics & Sports","Squash Court","Squash Court"
"Tennis Court",3,"Outdoors & Recreation","Athletics & Sports","Tennis Court","Tennis Court"
"Volleyball Court",3,"Outdoors & Recreation","Athletics & Sports","Volleyball Court","Volleyball Court"
"Bathing Area",2,"Outdoors & Recreation","Bathing Area","Bathing Area","Bathing Area"
"Bay",2,"Outdoors & Recreation","Bay","Bay","Bay"
"Beach",2,"Outdoors & Recreation","Beach","Beach","Beach"
"Nudist Beach",3,"Outdoors & Recreation","Beach","Nudist Beach","Nudist Beach"
"Surf Spot",3,"Outdoors & Recreation","Beach","Surf Spot","Surf Spot"
"Bike Trail",2,"Outdoors & Recreation","Bike Trail","Bike Trail","Bike Trail"
"Boat Launch",2,"Outdoors & Recreation","Boat Launch","Boat Launch","Boat Launch"
"Botanical Garden",2,"Outdoors & Recreation","Botanical Garden","Botanical Garden","Botanical Garden"
"Bridge",2,"Outdoors & Recreation","Bridge","Bridge","Bridge"
"Campground",2,"Outdoors & Recreation","Campground","Campground","Campground"
"Canal Lock",2,"Outdoors & Recreation","Canal Lock","Canal Lock","Canal Lock"
"Canal",2,"Outdoors & Recreation","Canal","Canal","Canal"
"Castle",2,"Outdoors & Recreation","Castle","Castle","Castle"
"Cave",2,"Outdoors & Recreation","Cave","Cave","Cave"
"Cemetery",2,"Outdoors & Recreation","Cemetery","Cemetery","Cemetery"
"Dam",2,"Outdoors & Recreation","Dam","Dam","Dam"
"Dive Spot",2,"Outdoors & Recreation","Dive Spot","Dive Spot","Dive Spot"
"Dog Run",2,"Outdoors & Recreation","Dog Run","Dog Run","Dog Run"
"Farm",2,"Outdoors & Recreation","Farm","Farm","Farm"
"Field",2,"Outdoors & Recreation","Field","Field","Field"
"Fishing Spot",2,"Outdoors & Recreation","Fishing Spot","Fishing Spot","Fishing Spot"
"Forest",2,"Outdoors & Recreation","Forest","Forest","Forest"
"Fountain",2,"Outdoors & Recreation","Fountain","Fountain","Fountain"
"Garden",2,"Outdoors & Recreation","Garden","Garden","Garden"
"Gun Range",2,"Outdoors & Recreation","Gun Range","Gun Range","Gun Range"
"Harbor / Marina",2,"Outdoors & Recreation","Harbor / Marina","Harbor / Marina","Harbor / Marina"
"Hill",2,"Outdoors & Recreation","Hill","Hill","Hill"
"Hot Spring",2,"Outdoors & Recreation","Hot Spring","Hot Spring","Hot Spring"
"Indoor Play Area",2,"Outdoors & Recreation","Indoor Play Area","Indoor Play Area","Indoor Play Area"
"Island",2,"Outdoors & Recreation","Island","Island","Island"
"Lake",2,"Outdoors & Recreation","Lake","Lake","Lake"
"Lighthouse",2,"Outdoors & Recreation","Lighthouse","Lighthouse","Lighthouse"
"Mountain Hut",2,"Outdoors & Recreation","Mountain Hut","Mountain Hut","Mountain Hut"
"Mountain",2,"Outdoors & Recreation","Mountain","Mountain","Mountain"
"National Park",2,"Outdoors & Recreation","National Park","National Park","National Park"
"Nature Preserve",2,"Outdoors & Recreation","Nature Preserve","Nature Preserve","Nature Preserve"
"Other Great Outdoors",2,"Outdoors & Recreation","Other Great Outdoors","Other Great Outdoors","Other Great Outdoors"
"Palace",2,"Outdoors & Recreation","Palace","Palace","Palace"
"Park",2,"Outdoors & Recreation","Park","Park","Park"
"Pedestrian Plaza",2,"Outdoors & Recreation","Pedestrian Plaza","Pedestrian Plaza","Pedestrian Plaza"
"Picnic Area",2,"Outdoors & Recreation","Picnic Area","Picnic Area","Picnic Area"
"Picnic Shelter",2,"Outdoors & Recreation","Picnic Shelter","Picnic Shelter","Picnic Shelter"
"Playground",2,"Outdoors & Recreation","Playground","Playground","Playground"
"Plaza",2,"Outdoors & Recreation","Plaza","Plaza","Plaza"
"Pool",2,"Outdoors & Recreation","Pool","Pool","Pool"
"Rafting",2,"Outdoors & Recreation","Rafting","Rafting","Rafting"
"Recreation Center",2,"Outdoors & Recreation","Recreation Center","Recreation Center","Recreation Center"
"Reservoir",2,"Outdoors & Recreation","Reservoir","Reservoir","Reservoir"
"River",2,"Outdoors & Recreation","River","River","River"
"Rock Climbing Spot",2,"Outdoors & Recreation","Rock Climbing Spot","Rock Climbing Spot","Rock Climbing Spot"
"Roof Deck",2,"Outdoors & Recreation","Roof Deck","Roof Deck","Roof Deck"
"Scenic Lookout",2,"Outdoors & Recreation","Scenic Lookout","Scenic Lookout","Scenic Lookout"
"Sculpture Garden",2,"Outdoors & Recreation","Sculpture Garden","Sculpture Garden","Sculpture Garden"
"Ski Area",2,"Outdoors & Recreation","Ski Area","Ski Area","Ski Area"
"Apres Ski Bar",3,"Outdoors & Recreation","Ski Area","Apres Ski Bar","Apres Ski Bar"
"Ski Chairlift",3,"Outdoors & Recreation","Ski Area","Ski Chairlift","Ski Chairlift"
"Ski Chalet",3,"Outdoors & Recreation","Ski Area","Ski Chalet","Ski Chalet"
"Ski Lodge",3,"Outdoors & Recreation","Ski Area","Ski Lodge","Ski Lodge"
"Ski Trail",3,"Outdoors & Recreation","Ski Area","Ski Trail","Ski Trail"
"Skydiving Drop Zone",2,"Outdoors & Recreation","Skydiving Drop Zone","Skydiving Drop Zone","Skydiving Drop Zone"
"Stables",2,"Outdoors & Recreation","Stables","Stables","Stables"
"State / Provincial Park",2,"Outdoors & Recreation","State / Provincial Park","State / Provincial Park","State / Provincial Park"
"States & Municipalities",2,"Outdoors & Recreation","States & Municipalities","States & Municipalities","States & Municipalities"
"City",3,"Outdoors & Recreation","States & Municipalities","City","City"
"County",3,"Outdoors & Recreation","States & Municipalities","County","County"
"Country",3,"Outdoors & Recreation","States & Municipalities","Country","Country"
"Neighborhood",3,"Outdoors & Recreation","States & Municipalities","Neighborhood","Neighborhood"
"State",3,"Outdoors & Recreation","States & Municipalities","State","State"
"Town",3,"Outdoors & Recreation","States & Municipalities","Town","Town"
"Village",3,"Outdoors & Recreation","States & Municipalities","Village","Village"
"Summer Camp",2,"Outdoors & Recreation","Summer Camp","Summer Camp","Summer Camp"
"Trail",2,"Outdoors & Recreation","Trail","Trail","Trail"
"Tree",2,"Outdoors & Recreation","Tree","Tree","Tree"
"Vineyard",2,"Outdoors & Recreation","Vineyard","Vineyard","Vineyard"
"Volcano",2,"Outdoors & Recreation","Volcano","Volcano","Volcano"
"Waterfall",2,"Outdoors & Recreation","Waterfall","Waterfall","Waterfall"
"Waterfront",2,"Outdoors & Recreation","Waterfront","Waterfront","Waterfront"
"Well",2,"Outdoors & Recreation","Well","Well","Well"
"Windmill",2,"Outdoors & Recreation","Windmill","Windmill","Windmill"
"Professional & Other Places",1,"Professional & Other Places","Professional & Other Places","Professional & Other Places","Professional & Other Places"
"Animal Shelter",2,"Professional & Other Places","Animal Shelter","Animal Shelter","Animal Shelter"
"Architecture Firm",2,"Professional & Other Places","Architecture Firm","Architecture Firm","Architecture Firm"
"Art Studio",2,"Professional & Other Places","Art Studio","Art Studio","Art Studio"
"Auditorium",2,"Professional & Other Places","Auditorium","Auditorium","Auditorium"
"Ballroom",2,"Professional & Other Places","Ballroom","Ballroom","Ballroom"
"Building",2,"Professional & Other Places","Building","Building","Building"
"Business Center",2,"Professional & Other Places","Business Center","Business Center","Business Center"
"Cidery",2,"Professional & Other Places","Cidery","Cidery","Cidery"
"Club House",2,"Professional & Other Places","Club House","Club House","Club House"
"Community Center",2,"Professional & Other Places","Community Center","Community Center","Community Center"
"Convention Center",2,"Professional & Other Places","Convention Center","Convention Center","Convention Center"
"Meeting Room",3,"Professional & Other Places","Convention Center","Meeting Room","Meeting Room"
"Cultural Center",2,"Professional & Other Places","Cultural Center","Cultural Center","Cultural Center"
"Distillery",2,"Professional & Other Places","Distillery","Distillery","Distillery"
"Distribution Center",2,"Professional & Other Places","Distribution Center","Distribution Center","Distribution Center"
"Event Space",2,"Professional & Other Places","Event Space","Event Space","Event Space"
"Outdoor Event Space",3,"Professional & Other Places","Event Space","Outdoor Event Space","Outdoor Event Space"
"Factory",2,"Professional & Other Places","Factory","Factory","Factory"
"Fair",2,"Professional & Other Places","Fair","Fair","Fair"
"Funeral Home",2,"Professional & Other Places","Funeral Home","Funeral Home","Funeral Home"
"Government Building",2,"Professional & Other Places","Government Building","Government Building","Government Building"
"Capitol Building",3,"Professional & Other Places","Government Building","Capitol Building","Capitol Building"
"City Hall",3,"Professional & Other Places","Government Building","City Hall","City Hall"
"Courthouse",3,"Professional & Other Places","Government Building","Courthouse","Courthouse"
"Embassy / Consulate",3,"Professional & Other Places","Government Building","Embassy / Consulate","Embassy / Consulate"
"Fire Station",3,"Professional & Other Places","Government Building","Fire Station","Fire Station"
"Monument / Landmark",3,"Professional & Other Places","Government Building","Monument / Landmark","Monument / Landmark"
"Police Station",3,"Professional & Other Places","Government Building","Police Station","Police Station"
"Town Hall",3,"Professional & Other Places","Government Building","Town Hall","Town Hall"
"Industrial Estate",2,"Professional & Other Places","Industrial Estate","Industrial Estate","Industrial Estate"
"Library",2,"Professional & Other Places","Library","Library","Library"
"Meadery",2,"Professional & Other Places","Meadery","Meadery","Meadery"
"Medical Center",2,"Professional & Other Places","Medical Center","Medical Center","Medical Center"
"Acupuncturist",3,"Professional & Other Places","Medical Center","Acupuncturist","Acupuncturist"
"Alternative Healer",3,"Professional & Other Places","Medical Center","Alternative Healer","Alternative Healer"
"Blood Donation Center",3,"Professional & Other Places","Medical Center","Blood Donation Center","Blood Donation Center"
"Chiropractor",3,"Professional & Other Places","Medical Center","Chiropractor","Chiropractor"
"Dentist's Office",3,"Professional & Other Places","Medical Center","Dentist's Office","Dentist's Office"
"Doctor's Office",3,"Professional & Other Places","Medical Center","Doctor's Office","Doctor's Office"
"Emergency Room",3,"Professional & Other Places","Medical Center","Emergency Room","Emergency Room"
"Eye Doctor",3,"Professional & Other Places","Medical Center","Eye Doctor","Eye Doctor"
"Hospice",3,"Professional & Other Places","Medical Center","Hospice","Hospice"
"Hospital",3,"Professional & Other Places","Medical Center","Hospital","Hospital"
"Hospital Ward",4,"Professional & Other Places","Medical Center","Hospital","Hospital Ward"
"Maternity Clinic",3,"Professional & Other Places","Medical Center","Maternity Clinic","Maternity Clinic"
"Medical Lab",3,"Professional & Other Places","Medical Center","Medical Lab","Medical Lab"
"Mental Health Office",3,"Professional & Other Places","Medical Center","Mental Health Office","Mental Health Office"
"Nutritionist",3,"Professional & Other Places","Medical Center","Nutritionist","Nutritionist"
"Physical Therapist",3,"Professional & Other Places","Medical Center","Physical Therapist","Physical Therapist"
"Rehab Center",3,"Professional & Other Places","Medical Center","Rehab Center","Rehab Center"
"Urgent Care Center",3,"Professional & Other Places","Medical Center","Urgent Care Center","Urgent Care Center"
"Veterinarian",3,"Professional & Other Places","Medical Center","Veterinarian","Veterinarian"
"Military Base",2,"Professional & Other Places","Military Base","Military Base","Military Base"
"Non-Profit",2,"Professional & Other Places","Non-Profit","Non-Profit","Non-Profit"
"Observatory",2,"Professional & Other Places","Observatory","Observatory","Observatory"
"Office",2,"Professional & Other Places","Office","Office","Office"
"Advertising Agency",3,"Professional & Other Places","Office","Advertising Agency","Advertising Agency"
"Campaign Office",3,"Professional & Other Places","Office","Campaign Office","Campaign Office"
"Conference Room",3,"Professional & Other Places","Office","Conference Room","Conference Room"
"Corporate Amenity",3,"Professional & Other Places","Office","Corporate Amenity","Corporate Amenity"
"Corporate Cafeteria",3,"Professional & Other Places","Office","Corporate Cafeteria","Corporate Cafeteria"
"Corporate Coffee Shop",3,"Professional & Other Places","Office","Corporate Coffee Shop","Corporate Coffee Shop"
"Coworking Space",3,"Professional & Other Places","Office","Coworking Space","Coworking Space"
"Tech Startup",3,"Professional & Other Places","Office","Tech Startup","Tech Startup"
"Parking",2,"Professional & Other Places","Parking","Parking","Parking"
"Post Office",2,"Professional & Other Places","Post Office","Post Office","Post Office"
"Power Plant",2,"Professional & Other Places","Power Plant","Power Plant","Power Plant"
"Prison",2,"Professional & Other Places","Prison","Prison","Prison"
"Radio Station",2,"Professional & Other Places","Radio Station","Radio Station","Radio Station"
"Recruiting Agency",2,"Professional & Other Places","Recruiting Agency","Recruiting Agency","Recruiting Agency"
"Research Laboratory",2,"Professional & Other Places","Research Laboratory","Research Laboratory","Research Laboratory"
"Research Station",2,"Professional & Other Places","Research Station","Research Station","Research Station"
"School",2,"Professional & Other Places","School","School","School"
"Adult Education Center",3,"Professional & Other Places","School","Adult Education Center","Adult Education Center"
"Circus School",3,"Professional & Other Places","School","Circus School","Circus School"
"Cooking School",3,"Professional & Other Places","School","Cooking School","Cooking School"
"Driving School",3,"Professional & Other Places","School","Driving School","Driving School"
"Elementary School",3,"Professional & Other Places","School","Elementary School","Elementary School"
"Flight School",3,"Professional & Other Places","School","Flight School","Flight School"
"High School",3,"Professional & Other Places","School","High School","High School"
"Language School",3,"Professional & Other Places","School","Language School","Language School"
"Middle School",3,"Professional & Other Places","School","Middle School","Middle School"
"Music School",3,"Professional & Other Places","School","Music School","Music School"
"Nursery School",3,"Professional & Other Places","School","Nursery School","Nursery School"
"Preschool",3,"Professional & Other Places","School","Preschool","Preschool"
"Private School",3,"Professional & Other Places","School","Private School","Private School"
"Religious School",3,"Professional & Other Places","School","Religious School","Religious School"
"Swim School",3,"Professional & Other Places","School","Swim School","Swim School"
"Social Club",2,"Professional & Other Places","Social Club","Social Club","Social Club"
"Veterans' Organization",3,"Professional & Other Places","Social Club","Veterans' Organization","Veterans' Organization"
"Spiritual Center",2,"Professional & Other Places","Spiritual Center","Spiritual Center","Spiritual Center"
"Buddhist Temple",3,"Professional & Other Places","Spiritual Center","Buddhist Temple","Buddhist Temple"
"Cemevi",3,"Professional & Other Places","Spiritual Center","Cemevi","Cemevi"
"Church",3,"Professional & Other Places","Spiritual Center","Church","Church"
"Confucian Temple",3,"Professional & Other Places","Spiritual Center","Confucian Temple","Confucian Temple"
"Hindu Temple",3,"Professional & Other Places","Spiritual Center","Hindu Temple","Hindu Temple"
"Kingdom Hall",3,"Professional & Other Places","Spiritual Center","Kingdom Hall","Kingdom Hall"
"Monastery",3,"Professional & Other Places","Spiritual Center","Monastery","Monastery"
"Mosque",3,"Professional & Other Places","Spiritual Center","Mosque","Mosque"
"Prayer Room",3,"Professional & Other Places","Spiritual Center","Prayer Room","Prayer Room"
"Shrine",3,"Professional & Other Places","Spiritual Center","Shrine","Shrine"
"Sikh Temple",3,"Professional & Other Places","Spiritual Center","Sikh Temple","Sikh Temple"
"Synagogue",3,"Professional & Other Places","Spiritual Center","Synagogue","Synagogue"
"Temple",3,"Professional & Other Places","Spiritual Center","Temple","Temple"
"Terreiro",3,"Professional & Other Places","Spiritual Center","Terreiro","Terreiro"
"TV Station",2,"Professional & Other Places","TV Station","TV Station","TV Station"
"Voting Booth",2,"Professional & Other Places","Voting Booth","Voting Booth","Voting Booth"
"Warehouse",2,"Professional & Other Places","Warehouse","Warehouse","Warehouse"
"Waste Facility",2,"Professional & Other Places","Waste Facility","Waste Facility","Waste Facility"
"Wedding Hall",2,"Professional & Other Places","Wedding Hall","Wedding Hall","Wedding Hall"
"Winery",2,"Professional & Other Places","Winery","Winery","Winery"
"Residence",1,"Residence","Residence","Residence","Residence"
"Assisted Living",2,"Residence","Assisted Living","Assisted Living","Assisted Living"
"Home (private)",2,"Residence","Home (private)","Home (private)","Home (private)"
"Housing Development",2,"Residence","Housing Development","Housing Development","Housing Development"
"Residential Building (Apartment / Condo)",2,"Residence","Residential Building (Apartment / Condo)","Residential Building (Apartment / Condo)","Residential Building (Apartment / Condo)"
"Trailer Park",2,"Residence","Trailer Park","Trailer Park","Trailer Park"
"Shop & Service",1,"Shop & Service","Shop & Service","Shop & Service","Shop & Service"
"ATM",2,"Shop & Service","ATM","ATM","ATM"
"Adult Boutique",2,"Shop & Service","Adult Boutique","Adult Boutique","Adult Boutique"
"Antique Shop",2,"Shop & Service","Antique Shop","Antique Shop","Antique Shop"
"Arts & Crafts Store",2,"Shop & Service","Arts & Crafts Store","Arts & Crafts Store","Arts & Crafts Store"
"Astrologer",2,"Shop & Service","Astrologer","Astrologer","Astrologer"
"Auto Dealership",2,"Shop & Service","Auto Dealership","Auto Dealership","Auto Dealership"
"New Auto Dealership",3,"Shop & Service","Auto Dealership","New Auto Dealership","New Auto Dealership"
"Used Auto Dealership",3,"Shop & Service","Auto Dealership","Used Auto Dealership","Used Auto Dealership"
"Auto Garage",2,"Shop & Service","Auto Garage","Auto Garage","Auto Garage"
"Auto Workshop",2,"Shop & Service","Auto Workshop","Auto Workshop","Auto Workshop"
"Automotive Shop",2,"Shop & Service","Automotive Shop","Automotive Shop","Automotive Shop"
"Baby Store",2,"Shop & Service","Baby Store","Baby Store","Baby Store"
"Bank",2,"Shop & Service","Bank","Bank","Bank"
"Bath House",2,"Shop & Service","Bath House","Bath House","Bath House"
"Batik Shop",2,"Shop & Service","Batik Shop","Batik Shop","Batik Shop"
"Betting Shop",2,"Shop & Service","Betting Shop","Betting Shop","Betting Shop"
"Big Box Store",2,"Shop & Service","Big Box Store","Big Box Store","Big Box Store"
"Bike Shop",2,"Shop & Service","Bike Shop","Bike Shop","Bike Shop"
"Board Shop",2,"Shop & Service","Board Shop","Board Shop","Board Shop"
"Bookstore",2,"Shop & Service","Bookstore","Bookstore","Bookstore"
"Bridal Shop",2,"Shop & Service","Bridal Shop","Bridal Shop","Bridal Shop"
"Business Service",2,"Shop & Service","Business Service","Business Service","Business Service"
"Camera Store",2,"Shop & Service","Camera Store","Camera Store","Camera Store"
"Candy Store",2,"Shop & Service","Candy Store","Candy Store","Candy Store"
"Car Wash",2,"Shop & Service","Car Wash","Car Wash","Car Wash"
"Carpet Store",2,"Shop & Service","Carpet Store","Carpet Store","Carpet Store"
"Check Cashing Service",2,"Shop & Service","Check Cashing Service","Check Cashing Service","Check Cashing Service"
"Child Care Service",2,"Shop & Service","Child Care Service","Child Care Service","Child Care Service"
"Daycare",3,"Shop & Service","Child Care Service","Daycare","Daycare"
"Chocolate Shop",2,"Shop & Service","Chocolate Shop","Chocolate Shop","Chocolate Shop"
"Clothing Store",2,"Shop & Service","Clothing Store","Clothing Store","Clothing Store"
"Accessories Store",3,"Shop & Service","Clothing Store","Accessories Store","Accessories Store"
"Boutique",3,"Shop & Service","Clothing Store","Boutique","Boutique"
"Kids Store",3,"Shop & Service","Clothing Store","Kids Store","Kids Store"
"Lingerie Store",3,"Shop & Service","Clothing Store","Lingerie Store","Lingerie Store"
"Men's Store",3,"Shop & Service","Clothing Store","Men's Store","Men's Store"
"Shoe Store",3,"Shop & Service","Clothing Store","Shoe Store","Shoe Store"
"Women's Store",3,"Shop & Service","Clothing Store","Women's Store","Women's Store"
"Comic Shop",2,"Shop & Service","Comic Shop","Comic Shop","Comic Shop"
"Construction & Landscaping",2,"Shop & Service","Construction & Landscaping","Construction & Landscaping","Construction & Landscaping"
"Convenience Store",2,"Shop & Service","Convenience Store","Convenience Store","Convenience Store"
"Cosmetics Shop",2,"Shop & Service","Cosmetics Shop","Cosmetics Shop","Cosmetics Shop"
"Costume Shop",2,"Shop & Service","Costume Shop","Costume Shop","Costume Shop"
"Credit Union",2,"Shop & Service","Credit Union","Credit Union","Credit Union"
"Currency Exchange",2,"Shop & Service","Currency Exchange","Currency Exchange","Currency Exchange"
"Department Store",2,"Shop & Service","Department Store","Department Store","Department Store"
"Design Studio",2,"Shop & Service","Design Studio","Design Studio","Design Studio"
"Discount Store",2,"Shop & Service","Discount Store","Discount Store","Discount Store"
"Dive Shop",2,"Shop & Service","Dive Shop","Dive Shop","Dive Shop"
"Drugstore",2,"Shop & Service","Drugstore","Drugstore","Drugstore"
"Dry Cleaner",2,"Shop & Service","Dry Cleaner","Dry Cleaner","Dry Cleaner"
"EV Charging Station",2,"Shop & Service","EV Charging Station","EV Charging Station","EV Charging Station"
"Electronics Store",2,"Shop & Service","Electronics Store","Electronics Store","Electronics Store"
"Entertainment Service",2,"Shop & Service","Entertainment Service","Entertainment Service","Entertainment Service"
"Event Service",2,"Shop & Service","Event Service","Event Service","Event Service"
"Fabric Shop",2,"Shop & Service","Fabric Shop","Fabric Shop","Fabric Shop"
"Film Studio",2,"Shop & Service","Film Studio","Film Studio","Film Studio"
"Financial or Legal Service",2,"Shop & Service","Financial or Legal Service","Financial or Legal Service","Financial or Legal Service"
"Fireworks Store",2,"Shop & Service","Fireworks Store","Fireworks Store","Fireworks Store"
"Fishing Store",2,"Shop & Service","Fishing Store","Fishing Store","Fishing Store"
"Flea Market",2,"Shop & Service","Flea Market","Flea Market","Flea Market"
"Floating Market",2,"Shop & Service","Floating Market","Floating Market","Floating Market"
"Flower Shop",2,"Shop & Service","Flower Shop","Flower Shop","Flower Shop"
"Food & Drink Shop",2,"Shop & Service","Food & Drink Shop","Food & Drink Shop","Food & Drink Shop"
"Beer Store",3,"Shop & Service","Food & Drink Shop","Beer Store","Beer Store"
"Butcher",3,"Shop & Service","Food & Drink Shop","Butcher","Butcher"
"Cheese Shop",3,"Shop & Service","Food & Drink Shop","Cheese Shop","Cheese Shop"
"Coffee Roaster",3,"Shop & Service","Food & Drink Shop","Coffee Roaster","Coffee Roaster"
"Dairy Store",3,"Shop & Service","Food & Drink Shop","Dairy Store","Dairy Store"
"Farmers Market",3,"Shop & Service","Food & Drink Shop","Farmers Market","Farmers Market"
"Fish Market",3,"Shop & Service","Food & Drink Shop","Fish Market","Fish Market"
"Food Service",3,"Shop & Service","Food & Drink Shop","Food Service","Food Service"
"Gourmet Shop",3,"Shop & Service","Food & Drink Shop","Gourmet Shop","Gourmet Shop"
"Grocery Store",3,"Shop & Service","Food & Drink Shop","Grocery Store","Grocery Store"
"Health Food Store",3,"Shop & Service","Food & Drink Shop","Health Food Store","Health Food Store"
"Imported Food Shop",3,"Shop & Service","Food & Drink Shop","Imported Food Shop","Imported Food Shop"
"Kuruyemişçi",3,"Shop & Service","Food & Drink Shop","Kuruyemişçi","Kuruyemişçi"
"Liquor Store",3,"Shop & Service","Food & Drink Shop","Liquor Store","Liquor Store"
"Organic Grocery",3,"Shop & Service","Food & Drink Shop","Organic Grocery","Organic Grocery"
"Sausage Shop",3,"Shop & Service","Food & Drink Shop","Sausage Shop","Sausage Shop"
"Street Food Gathering",3,"Shop & Service","Food & Drink Shop","Street Food Gathering","Street Food Gathering"
"Supermarket",3,"Shop & Service","Food & Drink Shop","Supermarket","Supermarket"
"Turşucu",3,"Shop & Service","Food & Drink Shop","Turşucu","Turşucu"
"Wine Shop",3,"Shop & Service","Food & Drink Shop","Wine Shop","Wine Shop"
"Frame Store",2,"Shop & Service","Frame Store","Frame Store","Frame Store"
"Fruit & Vegetable Store",2,"Shop & Service","Fruit & Vegetable Store","Fruit & Vegetable Store","Fruit & Vegetable Store"
"Furniture / Home Store",2,"Shop & Service","Furniture / Home Store","Furniture / Home Store","Furniture / Home Store"
"Lighting Store",3,"Shop & Service","Furniture / Home Store","Lighting Store","Lighting Store"
"Gaming Cafe",2,"Shop & Service","Gaming Cafe","Gaming Cafe","Gaming Cafe"
"Garden Center",2,"Shop & Service","Garden Center","Garden Center","Garden Center"
"Gas Station",2,"Shop & Service","Gas Station","Gas Station","Gas Station"
"Gift Shop",2,"Shop & Service","Gift Shop","Gift Shop","Gift Shop"
"Gun Shop",2,"Shop & Service","Gun Shop","Gun Shop","Gun Shop"
"Hardware Store",2,"Shop & Service","Hardware Store","Hardware Store","Hardware Store"
"Health & Beauty Service",2,"Shop & Service","Health & Beauty Service","Health & Beauty Service","Health & Beauty Service"
"Herbs & Spices Store",2,"Shop & Service","Herbs & Spices Store","Herbs & Spices Store","Herbs & Spices Store"
"Hobby Shop",2,"Shop & Service","Hobby Shop","Hobby Shop","Hobby Shop"
"Home Service",2,"Shop & Service","Home Service","Home Service","Home Service"
"Hunting Supply",2,"Shop & Service","Hunting Supply","Hunting Supply","Hunting Supply"
"IT Services",2,"Shop & Service","IT Services","IT Services","IT Services"
"Insurance Office",2,"Shop & Service","Insurance Office","Insurance Office","Insurance Office"
"Internet Cafe",2,"Shop & Service","Internet Cafe","Internet Cafe","Internet Cafe"
"Jewelry Store",2,"Shop & Service","Jewelry Store","Jewelry Store","Jewelry Store"
"Kitchen Supply Store",2,"Shop & Service","Kitchen Supply Store","Kitchen Supply Store","Kitchen Supply Store"
"Knitting Store",2,"Shop & Service","Knitting Store","Knitting Store","Knitting Store"
"Laundromat",2,"Shop & Service","Laundromat","Laundromat","Laundromat"
"Laundry Service",2,"Shop & Service","Laundry Service","Laundry Service","Laundry Service"
"Lawyer",2,"Shop & Service","Lawyer","Lawyer","Lawyer"
"Leather Goods Store",2,"Shop & Service","Leather Goods Store","Leather Goods Store","Leather Goods Store"
"Locksmith",2,"Shop & Service","Locksmith","Locksmith","Locksmith"
"Lottery Retailer",2,"Shop & Service","Lottery Retailer","Lottery Retailer","Lottery Retailer"
"Luggage Store",2,"Shop & Service","Luggage Store","Luggage Store","Luggage Store"
"Marijuana Dispensary",2,"Shop & Service","Marijuana Dispensary","Marijuana Dispensary","Marijuana Dispensary"
"Market",2,"Shop & Service","Market","Market","Market"
"Massage Studio",2,"Shop & Service","Massage Studio","Massage Studio","Massage Studio"
"Mattress Store",2,"Shop & Service","Mattress Store","Mattress Store","Mattress Store"
"Medical Supply Store",2,"Shop & Service","Medical Supply Store","Medical Supply Store","Medical Supply Store"
"Miscellaneous Shop",2,"Shop & Service","Miscellaneous Shop","Miscellaneous Shop","Miscellaneous Shop"
"Mobile Phone Shop",2,"Shop & Service","Mobile Phone Shop","Mobile Phone Shop","Mobile Phone Shop"
"Mobility Store",2,"Shop & Service","Mobility Store","Mobility Store","Mobility Store"
"Motorcycle Shop",2,"Shop & Service","Motorcycle Shop","Motorcycle Shop","Motorcycle Shop"
"Motorsports Shop",2,"Shop & Service","Motorsports Shop","Motorsports Shop","Motorsports Shop"
"Music Store",2,"Shop & Service","Music Store","Music Store","Music Store"
"Nail Salon",2,"Shop & Service","Nail Salon","Nail Salon","Nail Salon"
"Newsagent",2,"Shop & Service","Newsagent","Newsagent","Newsagent"
"Newsstand",2,"Shop & Service","Newsstand","Newsstand","Newsstand"
"Notary",2,"Shop & Service","Notary","Notary","Notary"
"Optical Shop",2,"Shop & Service","Optical Shop","Optical Shop","Optical Shop"
"Other Repair Shop",2,"Shop & Service","Other Repair Shop","Other Repair Shop","Other Repair Shop"
"Outdoor Supply Store",2,"Shop & Service","Outdoor Supply Store","Outdoor Supply Store","Outdoor Supply Store"
"Outlet Mall",2,"Shop & Service","Outlet Mall","Outlet Mall","Outlet Mall"
"Outlet Store",2,"Shop & Service","Outlet Store","Outlet Store","Outlet Store"
"Paper / Office Supplies Store",2,"Shop & Service","Paper / Office Supplies Store","Paper / Office Supplies Store","Paper / Office Supplies Store"
"Pawn Shop",2,"Shop & Service","Pawn Shop","Pawn Shop","Pawn Shop"
"Perfume Shop",2,"Shop & Service","Perfume Shop","Perfume Shop","Perfume Shop"
"Pet Service",2,"Shop & Service","Pet Service","Pet Service","Pet Service"
"Pet Store",2,"Shop & Service","Pet Store","Pet Store","Pet Store"
"Pharmacy",2,"Shop & Service","Pharmacy","Pharmacy","Pharmacy"
"Photography Lab",2,"Shop & Service","Photography Lab","Photography Lab","Photography Lab"
"Photography Studio",2,"Shop & Service","Photography Studio","Photography Studio","Photography Studio"
"Piercing Parlor",2,"Shop & Service","Piercing Parlor","Piercing Parlor","Piercing Parlor"
"Pop-Up Shop",2,"Shop & Service","Pop-Up Shop","Pop-Up Shop","Pop-Up Shop"
"Print Shop",2,"Shop & Service","Print Shop","Print Shop","Print Shop"
"Public Bathroom",2,"Shop & Service","Public Bathroom","Public Bathroom","Public Bathroom"
"Real Estate Office",2,"Shop & Service","Real Estate Office","Real Estate Office","Real Estate Office"
"Record Shop",2,"Shop & Service","Record Shop","Record Shop","Record Shop"
"Recording Studio",2,"Shop & Service","Recording Studio","Recording Studio","Recording Studio"
"Recycling Facility",2,"Shop & Service","Recycling Facility","Recycling Facility","Recycling Facility"
"Rental Service",2,"Shop & Service","Rental Service","Rental Service","Rental Service"
"Salon / Barbershop",2,"Shop & Service","Salon / Barbershop","Salon / Barbershop","Salon / Barbershop"
"Sauna / Steam Room",2,"Shop & Service","Sauna / Steam Room","Sauna / Steam Room","Sauna / Steam Room"
"Shipping Store",2,"Shop & Service","Shipping Store","Shipping Store","Shipping Store"
"Shoe Repair",2,"Shop & Service","Shoe Repair","Shoe Repair","Shoe Repair"
"Shopping Mall",2,"Shop & Service","Shopping Mall","Shopping Mall","Shopping Mall"
"Shopping Plaza",2,"Shop & Service","Shopping Plaza","Shopping Plaza","Shopping Plaza"
"Skate Shop",2,"Shop & Service","Skate Shop","Skate Shop","Skate Shop"
"Ski Shop",2,"Shop & Service","Ski Shop","Ski Shop","Ski Shop"
"Smoke Shop",2,"Shop & Service","Smoke Shop","Smoke Shop","Smoke Shop"
"Smoothie Shop",2,"Shop & Service","Smoothie Shop","Smoothie Shop","Smoothie Shop"
"Souvenir Shop",2,"Shop & Service","Souvenir Shop","Souvenir Shop","Souvenir Shop"
"Spa",2,"Shop & Service","Spa","Spa","Spa"
"Sporting Goods Shop",2,"Shop & Service","Sporting Goods Shop","Sporting Goods Shop","Sporting Goods Shop"
"Stationery Store",2,"Shop & Service","Stationery Store","Stationery Store","Stationery Store"
"Storage Facility",2,"Shop & Service","Storage Facility","Storage Facility","Storage Facility"
"Supplement Shop",2,"Shop & Service","Supplement Shop","Supplement Shop","Supplement Shop"
"Tailor Shop",2,"Shop & Service","Tailor Shop","Tailor Shop","Tailor Shop"
"Tanning Salon",2,"Shop & Service","Tanning Salon","Tanning Salon","Tanning Salon"
"Tattoo Parlor",2,"Shop & Service","Tattoo Parlor","Tattoo Parlor","Tattoo Parlor"
"Thrift / Vintage Store",2,"Shop & Service","Thrift / Vintage Store","Thrift / Vintage Store","Thrift / Vintage Store"
"Toy / Game Store",2,"Shop & Service","Toy / Game Store","Toy / Game Store","Toy / Game Store"
"Travel Agency",2,"Shop & Service","Travel Agency","Travel Agency","Travel Agency"
"Used Bookstore",2,"Shop & Service","Used Bookstore","Used Bookstore","Used Bookstore"
"Vape Store",2,"Shop & Service","Vape Store","Vape Store","Vape Store"
"Vehicle Inspection Station",2,"Shop & Service","Vehicle Inspection Station","Vehicle Inspection Station","Vehicle Inspection Station"
"Video Game Store",2,"Shop & Service","Video Game Store","Video Game Store","Video Game Store"
"Video Store",2,"Shop & Service","Video Store","Video Store","Video Store"
"Warehouse Store",2,"Shop & Service","Warehouse Store","Warehouse Store","Warehouse Store"
"Watch Shop",2,"Shop & Service","Watch Shop","Watch Shop","Watch Shop"
"Travel & Transport",1,"Travel & Transport","Travel & Transport","Travel & Transport","Travel & Transport"
"Airport",2,"Travel & Transport","Airport","Airport","Airport"
"Airfield",3,"Travel & Transport","Airport","Airfield","Airfield"
"Airport Food Court",3,"Travel & Transport","Airport","Airport Food Court","Airport Food Court"
"Airport Gate",3,"Travel & Transport","Airport","Airport Gate","Airport Gate"
"Airport Lounge",3,"Travel & Transport","Airport","Airport Lounge","Airport Lounge"
"Airport Service",3,"Travel & Transport","Airport","Airport Service","Airport Service"
"Airport Terminal",3,"Travel & Transport","Airport","Airport Terminal","Airport Terminal"
"Airport Ticket Counter",3,"Travel & Transport","Airport","Airport Ticket Counter","Airport Ticket Counter"
"Airport Tram",3,"Travel & Transport","Airport","Airport Tram","Airport Tram"
"Baggage Claim",3,"Travel & Transport","Airport","Baggage Claim","Baggage Claim"
"Plane",3,"Travel & Transport","Airport","Plane","Plane"
"Baggage Locker",2,"Travel & Transport","Baggage Locker","Baggage Locker","Baggage Locker"
"Bike Rental / Bike Share",2,"Travel & Transport","Bike Rental / Bike Share","Bike Rental / Bike Share","Bike Rental / Bike Share"
"Boat Rental",2,"Travel & Transport","Boat Rental","Boat Rental","Boat Rental"
"Boat or Ferry",2,"Travel & Transport","Boat or Ferry","Boat or Ferry","Boat or Ferry"
"Border Crossing",2,"Travel & Transport","Border Crossing","Border Crossing","Border Crossing"
"Bus Station",2,"Travel & Transport","Bus Station","Bus Station","Bus Station"
"Bus Line",3,"Travel & Transport","Bus Station","Bus Line","Bus Line"
"Bus Stop",2,"Travel & Transport","Bus Stop","Bus Stop","Bus Stop"
"Cable Car",2,"Travel & Transport","Cable Car","Cable Car","Cable Car"
"Cruise Ship",2,"Travel & Transport","Cruise Ship","Cruise Ship","Cruise Ship"
"Duty-free Shop",2,"Travel & Transport","Duty-free Shop","Duty-free Shop","Duty-free Shop"
"General Travel",2,"Travel & Transport","General Travel","General Travel","General Travel"
"Heliport",2,"Travel & Transport","Heliport","Heliport","Heliport"
"Hotel",2,"Travel & Transport","Hotel","Hotel","Hotel"
"Bed & Breakfast",3,"Travel & Transport","Hotel","Bed & Breakfast","Bed & Breakfast"
"Boarding House",3,"Travel & Transport","Hotel","Boarding House","Boarding House"
"Hostel",3,"Travel & Transport","Hotel","Hostel","Hostel"
"Hotel Pool",3,"Travel & Transport","Hotel","Hotel Pool","Hotel Pool"
"Inn",3,"Travel & Transport","Hotel","Inn","Inn"
"Motel",3,"Travel & Transport","Hotel","Motel","Motel"
"Resort",3,"Travel & Transport","Hotel","Resort","Resort"
"Vacation Rental",3,"Travel & Transport","Hotel","Vacation Rental","Vacation Rental"
"Intersection",2,"Travel & Transport","Intersection","Intersection","Intersection"
"Light Rail Station",2,"Travel & Transport","Light Rail Station","Light Rail Station","Light Rail Station"
"Marine Terminal",2,"Travel & Transport","Marine Terminal","Marine Terminal","Marine Terminal"
"Metro Station",2,"Travel & Transport","Metro Station","Metro Station","Metro Station"
"Moving Target",2,"Travel & Transport","Moving Target","Moving Target","Moving Target"
"Pier",2,"Travel & Transport","Pier","Pier","Pier"
"Port",2,"Travel & Transport","Port","Port","Port"
"RV Park",2,"Travel & Transport","RV Park","RV Park","RV Park"
"Rental Car Location",2,"Travel & Transport","Rental Car Location","Rental Car Location","Rental Car Location"
"Rest Area",2,"Travel & Transport","Rest Area","Rest Area","Rest Area"
"Road",2,"Travel & Transport","Road","Road","Road"
"Taxi Stand",2,"Travel & Transport","Taxi Stand","Taxi Stand","Taxi Stand"
"Taxi",2,"Travel & Transport","Taxi","Taxi","Taxi"
"Toll Booth",2,"Travel & Transport","Toll Booth","Toll Booth","Toll Booth"
"Toll Plaza",2,"Travel & Transport","Toll Plaza","Toll Plaza","Toll Plaza"
"Tourist Information Center",2,"Travel & Transport","Tourist Information Center","Tourist Information Center","Tourist Information Center"
"Train Station",2,"Travel & Transport","Train Station","Train Station","Train Station"
"Platform",3,"Travel & Transport","Train Station","Platform","Platform"
"Train",3,"Travel & Transport","Train Station","Train","Train"
"Tram Station",2,"Travel & Transport","Tram Station","Tram Station","Tram Station"
"Transportation Service",2,"Travel & Transport","Transportation Service","Transportation Service","Transportation Service"
"Travel Lounge",2,"Travel & Transport","Travel Lounge","Travel Lounge","Travel Lounge"
"Truck Stop",2,"Travel & Transport","Truck Stop","Truck Stop","Truck Stop"
"Tunnel",2,"Travel & Transport","Tunnel","Tunnel","Tunnel"
